[
  {
    "id": 1,
    "name": "Transcof",
    "description": "sit amet diam in magna bibendum imperdiet nullam orci pede",
    "type": "Vue",
    "preview": "https://fakeimg.pl/650x450/000000/"
  },
  {
    "id": 2,
    "name": "Tampflex",
    "description": "nulla suscipit ligula in lacus curabitur at ipsum ac tellus",
    "type": "Angular",
    "preview": "https://fakeimg.pl/650x450/000000/"
  },
  {
    "id": 3,
    "name": "Latlux",
    "description": "urna ut tellus nulla ut erat id mauris vulputate elementum",
    "type": "React",
    "preview": "https://fakeimg.pl/650x450/000000/"
  },
  {
    "id": 4,
    "name": "Overhold",
    "description": "ante vestibulum ante ipsum primis in faucibus orci luctus et",
    "type": "Angular",
    "preview": "https://fakeimg.pl/650x450/000000/"
  },
  {
    "id": 5,
    "name": "Daltfresh",
    "description": "blandit mi in porttitor pede justo eu massa donec dapibus",
    "type": "React",
    "preview": "https://fakeimg.pl/650x450/000000/"
  },
  {
    "id": 6,
    "name": "Pannier",
    "description": "non lectus aliquam sit amet diam in magna bibendum imperdiet",
    "type": "Angular",
    "preview": "https://fakeimg.pl/650x450/000000/"
  },
  {
    "id": 7,
    "name": "Treeflex",
    "description": "luctus ultricies eu nibh quisque id justo sit amet sapien",
    "type": "Angular",
    "preview": "https://fakeimg.pl/650x450/000000/"
  },
  {
    "id": 8,
    "name": "Treeflex",
    "description": "sit amet sem fusce consequat nulla nisl nunc nisl duis",
    "type": "Angular",
    "preview": "https://fakeimg.pl/650x450/000000/"
  },
  {
    "id": 9,
    "name": "Matsoft",
    "description": "cubilia curae donec pharetra magna vestibulum aliquet ultrices erat tortor",
    "type": "Angular",
    "preview": "https://fakeimg.pl/650x450/000000/"
  },
  {
    "id": 10,
    "name": "Fix San",
    "description": "in sagittis dui vel nisl duis ac nibh fusce lacus",
    "type": "React",
    "preview": "https://fakeimg.pl/650x450/000000/"
  },
  {
    "id": 11,
    "name": "Y-find",
    "description": "eget congue eget semper rutrum nulla nunc purus phasellus in",
    "type": "React",
    "preview": "https://fakeimg.pl/650x450/000000/"
  },
  {
    "id": 12,
    "name": "Lotstring",
    "description": "vestibulum proin eu mi nulla ac enim in tempor turpis",
    "type": "Vue",
    "preview": "https://fakeimg.pl/650x450/000000/"
  }
]
